section,line_item,unit,month,value,value_text
Timeline,Year,year,2026-01-01,2026.0,2026.0
Timeline,Year,year,2026-02-01,2026.0,2026.0
Timeline,Year,year,2026-03-01,2026.0,2026.0
Timeline,Year,year,2026-04-01,2026.0,2026.0
Timeline,Year,year,2026-05-01,2026.0,2026.0
Timeline,Year,year,2026-06-01,2026.0,2026.0
Timeline,Year,year,2026-07-01,2026.0,2026.0
Timeline,Year,year,2026-08-01,2026.0,2026.0
Timeline,Year,year,2026-09-01,2026.0,2026.0
Timeline,Year,year,2026-10-01,2026.0,2026.0
Timeline,Year,year,2026-11-01,2026.0,2026.0
Timeline,Year,year,2026-12-01,2026.0,2026.0
Timeline,Year,year,2027-01-01,2027.0,2027.0
Timeline,Year,year,2027-02-01,2027.0,2027.0
Timeline,Year,year,2027-03-01,2027.0,2027.0
Timeline,Year,year,2027-04-01,2027.0,2027.0
Timeline,Year,year,2027-05-01,2027.0,2027.0
Timeline,Year,year,2027-06-01,2027.0,2027.0
Timeline,Year,year,2027-07-01,2027.0,2027.0
Timeline,Year,year,2027-08-01,2027.0,2027.0
Timeline,Year,year,2027-09-01,2027.0,2027.0
Timeline,Year,year,2027-10-01,2027.0,2027.0
Timeline,Year,year,2027-11-01,2027.0,2027.0
Timeline,Year,year,2027-12-01,2027.0,2027.0
Timeline,Year,year,Method / Note,,Calendar year
Timeline,Month,month,2026-01-01,,Thg1
Timeline,Month,month,2026-02-01,,Thg2
Timeline,Month,month,2026-03-01,,Thg3
Timeline,Month,month,2026-04-01,,Thg4
Timeline,Month,month,2026-05-01,,Thg5
Timeline,Month,month,2026-06-01,,Thg6
Timeline,Month,month,2026-07-01,,Thg7
Timeline,Month,month,2026-08-01,,Thg8
Timeline,Month,month,2026-09-01,,Thg9
Timeline,Month,month,2026-10-01,,Thg10
Timeline,Month,month,2026-11-01,,Thg11
Timeline,Month,month,2026-12-01,,Thg12
Timeline,Month,month,2027-01-01,,Thg1
Timeline,Month,month,2027-02-01,,Thg2
Timeline,Month,month,2027-03-01,,Thg3
Timeline,Month,month,2027-04-01,,Thg4
Timeline,Month,month,2027-05-01,,Thg5
Timeline,Month,month,2027-06-01,,Thg6
Timeline,Month,month,2027-07-01,,Thg7
Timeline,Month,month,2027-08-01,,Thg8
Timeline,Month,month,2027-09-01,,Thg9
Timeline,Month,month,2027-10-01,,Thg10
Timeline,Month,month,2027-11-01,,Thg11
Timeline,Month,month,2027-12-01,,Thg12
Timeline,Month,month,Method / Note,,Calendar month
Timeline,Status,text,2026-01-01,,Budget
Timeline,Status,text,2026-02-01,,Budget
Timeline,Status,text,2026-03-01,,Budget
Timeline,Status,text,2026-04-01,,Budget
Timeline,Status,text,2026-05-01,,Budget
Timeline,Status,text,2026-06-01,,Budget
Timeline,Status,text,2026-07-01,,Budget
Timeline,Status,text,2026-08-01,,Budget
Timeline,Status,text,2026-09-01,,Budget
Timeline,Status,text,2026-10-01,,Budget
Timeline,Status,text,2026-11-01,,Budget
Timeline,Status,text,2026-12-01,,Budget
Timeline,Status,text,2027-01-01,,Budget
Timeline,Status,text,2027-02-01,,Budget
Timeline,Status,text,2027-03-01,,Budget
Timeline,Status,text,2027-04-01,,Budget
Timeline,Status,text,2027-05-01,,Budget
Timeline,Status,text,2027-06-01,,Budget
Timeline,Status,text,2027-07-01,,Budget
Timeline,Status,text,2027-08-01,,Budget
Timeline,Status,text,2027-09-01,,Budget
Timeline,Status,text,2027-10-01,,Budget
Timeline,Status,text,2027-11-01,,Budget
Timeline,Status,text,2027-12-01,,Budget
Timeline,Status,text,Method / Note,,Budget period; actual comparison is in variance block below.
Planning,Revenue phasing,%,2026-01-01,0.08715382753606087,0.0871538275360609
Planning,Revenue phasing,%,2026-02-01,0.07177374032381484,0.0717737403238148
Planning,Revenue phasing,%,2026-03-01,0.07247484965417422,0.0724748496541742
Planning,Revenue phasing,%,2026-04-01,0.08272938414711387,0.0827293841471139
Planning,Revenue phasing,%,2026-05-01,0.08269619051653382,0.0826961905165338
Planning,Revenue phasing,%,2026-06-01,0.08118894123210915,0.0811889412321092
Planning,Revenue phasing,%,2026-07-01,0.08230798366567041,0.0823079836656704
Planning,Revenue phasing,%,2026-08-01,0.08492919541335403,0.084929195413354
Planning,Revenue phasing,%,2026-09-01,0.0875967859128762,0.0875967859128762
Planning,Revenue phasing,%,2026-10-01,0.09234595284057756,0.0923459528405776
Planning,Revenue phasing,%,2026-11-01,0.08606071927549659,0.0860607192754966
Planning,Revenue phasing,%,2026-12-01,0.08874242948221842,0.0887424294822184
Planning,Revenue phasing,%,2027-01-01,0.08715382753606087,0.0871538275360609
Planning,Revenue phasing,%,2027-02-01,0.07177374032381484,0.0717737403238148
Planning,Revenue phasing,%,2027-03-01,0.07247484965417422,0.0724748496541742
Planning,Revenue phasing,%,2027-04-01,0.08272938414711387,0.0827293841471139
Planning,Revenue phasing,%,2027-05-01,0.08269619051653382,0.0826961905165338
Planning,Revenue phasing,%,2027-06-01,0.08118894123210915,0.0811889412321092
Planning,Revenue phasing,%,2027-07-01,0.08230798366567041,0.0823079836656704
Planning,Revenue phasing,%,2027-08-01,0.08492919541335403,0.084929195413354
Planning,Revenue phasing,%,2027-09-01,0.0875967859128762,0.0875967859128762
Planning,Revenue phasing,%,2027-10-01,0.09234595284057756,0.0923459528405776
Planning,Revenue phasing,%,2027-11-01,0.08606071927549659,0.0860607192754966
Planning,Revenue phasing,%,2027-12-01,0.08874242948221842,0.0887424294822184
Planning,Revenue phasing,%,Method / Note,,Linked to monthly phasing assumption by month.
Revenue,Total Revenue,VND bn,2026-01-01,16123.45809417126,16123.4580941713
Revenue,Total Revenue,VND bn,2026-02-01,13278.141959905744,13278.1419599057
Revenue,Total Revenue,VND bn,2026-03-01,13407.84718602223,13407.8471860222
Revenue,Total Revenue,VND bn,2026-04-01,15304.936067216066,15304.9360672161
Revenue,Total Revenue,VND bn,2026-05-01,15298.795245558757,15298.7952455588
Revenue,Total Revenue,VND bn,2026-06-01,15019.954127940193,15019.9541279402
Revenue,Total Revenue,VND bn,2026-07-01,15226.976978149025,15226.976978149
Revenue,Total Revenue,VND bn,2026-08-01,15711.901151470496,15711.9011514705
Revenue,Total Revenue,VND bn,2026-09-01,16205.405393882098,16205.4053938821
Revenue,Total Revenue,VND bn,2026-10-01,17084.00127550685,17084.0012755068
Revenue,Total Revenue,VND bn,2026-11-01,15921.23306596687,15921.2330659669
Revenue,Total Revenue,VND bn,2026-12-01,16417.349454210405,16417.3494542104
Revenue,Total Revenue,VND bn,2027-01-01,18363.50930636696,18363.509306367
Revenue,Total Revenue,VND bn,2027-02-01,15122.890017008087,15122.8900170081
Revenue,Total Revenue,VND bn,2027-03-01,15270.61534447587,15270.6153444759
Revenue,Total Revenue,VND bn,2027-04-01,17431.26904055873,17431.2690405587
Revenue,Total Revenue,VND bn,2027-05-01,17424.275067243943,17424.2750672439
Revenue,Total Revenue,VND bn,2027-06-01,17106.694221467606,17106.6942214676
Revenue,Total Revenue,VND bn,2027-07-01,17342.47900251373,17342.4790025137
Revenue,Total Revenue,VND bn,2027-08-01,17894.77426806165,17894.7742680617
Revenue,Total Revenue,VND bn,2027-09-01,18456.84164190456,18456.8416419046
Revenue,Total Revenue,VND bn,2027-10-01,19457.501894470628,19457.5018944706
Revenue,Total Revenue,VND bn,2027-11-01,18133.18891444346,18133.1889144435
Revenue,Total Revenue,VND bn,2027-12-01,18698.231342645937,18698.2313426459
Revenue,Total Revenue,VND bn,FY2026 Check,0.0,0.0
Revenue,Total Revenue,VND bn,FY2027 Check,0.0,0.0
Revenue,Total Revenue,VND bn,Method / Note,,Annual revenue x monthly phasing.
Revenue,TGDD / TopZone Revenue,VND bn,2026-01-01,3427.4066079542827,3427.40660795428
Revenue,TGDD / TopZone Revenue,VND bn,2026-02-01,2822.570147727057,2822.57014772706
Revenue,TGDD / TopZone Revenue,VND bn,2026-03-01,2850.141934528708,2850.14193452871
Revenue,TGDD / TopZone Revenue,VND bn,2026-04-01,3253.4111916138795,3253.41119161388
Revenue,TGDD / TopZone Revenue,VND bn,2026-05-01,3252.105820731058,3252.10582073106
Revenue,TGDD / TopZone Revenue,VND bn,2026-06-01,3192.831818621007,3192.83181862101
Revenue,TGDD / TopZone Revenue,VND bn,2026-07-01,3236.8392195556607,3236.83921955566
Revenue,TGDD / TopZone Revenue,VND bn,2026-08-01,3339.920847968837,3339.92084796884
Revenue,TGDD / TopZone Revenue,VND bn,2026-09-01,3444.826364615198,3444.8263646152
Revenue,TGDD / TopZone Revenue,VND bn,2026-10-01,3631.5918409053434,3631.59184090534
Revenue,TGDD / TopZone Revenue,VND bn,2026-11-01,3384.4190928744974,3384.4190928745
Revenue,TGDD / TopZone Revenue,VND bn,2026-12-01,3489.879880346325,3489.87988034633
Revenue,TGDD / TopZone Revenue,VND bn,2027-01-01,3564.5028722724537,3564.50287227245
Revenue,TGDD / TopZone Revenue,VND bn,2027-02-01,2935.4729536361388,2935.47295363614
Revenue,TGDD / TopZone Revenue,VND bn,2027-03-01,2964.147611909856,2964.14761190986
Revenue,TGDD / TopZone Revenue,VND bn,2027-04-01,3383.547639278435,3383.54763927843
Revenue,TGDD / TopZone Revenue,VND bn,2027-05-01,3382.1900535603,3382.1900535603
Revenue,TGDD / TopZone Revenue,VND bn,2027-06-01,3320.5450913658474,3320.54509136585
Revenue,TGDD / TopZone Revenue,VND bn,2027-07-01,3366.312788337887,3366.31278833789
Revenue,TGDD / TopZone Revenue,VND bn,2027-08-01,3473.5176818875902,3473.51768188759
Revenue,TGDD / TopZone Revenue,VND bn,2027-09-01,3582.619419199806,3582.61941919981
Revenue,TGDD / TopZone Revenue,VND bn,2027-10-01,3776.855514541557,3776.85551454156
Revenue,TGDD / TopZone Revenue,VND bn,2027-11-01,3519.7958565894774,3519.79585658948
Revenue,TGDD / TopZone Revenue,VND bn,2027-12-01,3629.475075560178,3629.47507556018
Revenue,TGDD / TopZone Revenue,VND bn,Method / Note,,Annual segment revenue x monthly phasing.
Revenue,DMX Revenue,VND bn,2026-01-01,7052.841153257035,7052.84115325704
Revenue,DMX Revenue,VND bn,2026-02-01,5808.222126211677,5808.22212621168
Revenue,DMX Revenue,VND bn,2026-03-01,5864.958736385742,5864.95873638574
Revenue,DMX Revenue,VND bn,2026-04-01,6694.7972520765625,6694.79725207656
Revenue,DMX Revenue,VND bn,2026-05-01,6692.111088882133,6692.11108888213
Revenue,DMX Revenue,VND bn,2026-06-01,6570.138364540117,6570.13836454012
Revenue,DMX Revenue,VND bn,2026-07-01,6660.695816241205,6660.6958162412
Revenue,DMX Revenue,VND bn,2026-08-01,6872.814900486985,6872.81490048698
Revenue,DMX Revenue,VND bn,2026-09-01,7088.687141408164,7088.68714140816
Revenue,DMX Revenue,VND bn,2026-10-01,7473.008988174108,7473.00898817411
Revenue,DMX Revenue,VND bn,2026-11-01,6964.382400003967,6964.38240000397
Revenue,DMX Revenue,VND bn,2026-12-01,7181.397264890439,7181.39726489044
Revenue,DMX Revenue,VND bn,2027-01-01,7468.557971782017,7468.55797178202
Revenue,DMX Revenue,VND bn,2027-02-01,6150.577153232251,6150.57715323225
Revenue,DMX Revenue,VND bn,2027-03-01,6210.657999092747,6210.65799909275
Revenue,DMX Revenue,VND bn,2027-04-01,7089.409827891884,7089.40982789188
Revenue,DMX Revenue,VND bn,2027-05-01,7086.565333722325,7086.56533372232
Revenue,DMX Revenue,VND bn,2027-06-01,6957.403150294467,6957.40315029447
Revenue,DMX Revenue,VND bn,2027-07-01,7053.298345310179,7053.29834531018
Revenue,DMX Revenue,VND bn,2027-08-01,7277.92040090253,7277.92040090253
Revenue,DMX Revenue,VND bn,2027-09-01,7506.5168361240685,7506.51683612407
Revenue,DMX Revenue,VND bn,2027-10-01,7913.491831026405,7913.4918310264
Revenue,DMX Revenue,VND bn,2027-11-01,7374.88517915475,7374.88517915475
Revenue,DMX Revenue,VND bn,2027-12-01,7604.691588220771,7604.69158822077
Revenue,DMX Revenue,VND bn,Method / Note,,Annual segment revenue x monthly phasing.
Revenue,BHX Revenue,VND bn,2026-01-01,4837.037428251378,4837.03742825138
Revenue,BHX Revenue,VND bn,2026-02-01,3983.4425879717237,3983.44258797172
Revenue,BHX Revenue,VND bn,2026-03-01,4022.3541558066695,4022.35415580667
Revenue,BHX Revenue,VND bn,2026-04-01,4591.480820164819,4591.48082016482
Revenue,BHX Revenue,VND bn,2026-05-01,4589.638573667627,4589.63857366763
Revenue,BHX Revenue,VND bn,2026-06-01,4505.986238382058,4505.98623838206
Revenue,BHX Revenue,VND bn,2026-07-01,4568.093093444708,4568.09309344471
Revenue,BHX Revenue,VND bn,2026-08-01,4713.570345441149,4713.57034544115
Revenue,BHX Revenue,VND bn,2026-09-01,4861.62161816463,4861.62161816463
Revenue,BHX Revenue,VND bn,2026-10-01,5125.200382652055,5125.20038265205
Revenue,BHX Revenue,VND bn,2026-11-01,4776.3699197900605,4776.36991979006
Revenue,BHX Revenue,VND bn,2026-12-01,4925.204836263122,4925.20483626312
Revenue,BHX Revenue,VND bn,2027-01-01,6407.137563714668,6407.13756371467
Revenue,BHX Revenue,VND bn,2027-02-01,5276.466228941492,5276.46622894149
Revenue,BHX Revenue,VND bn,2027-03-01,5328.008473887164,5328.00847388716
Revenue,BHX Revenue,VND bn,2027-04-01,6081.8733930261,6081.8733930261
Revenue,BHX Revenue,VND bn,2027-05-01,6079.433154159052,6079.43315415905
Revenue,BHX Revenue,VND bn,2027-06-01,5968.627309124609,5968.62730912461
Revenue,BHX Revenue,VND bn,2027-07-01,6050.894020916405,6050.8940209164
Revenue,BHX Revenue,VND bn,2027-08-01,6243.593122330913,6243.59312233091
Revenue,BHX Revenue,VND bn,2027-09-01,6439.701770422415,6439.70177042242
Revenue,BHX Revenue,VND bn,2027-10-01,6788.838081231445,6788.83808123145
Revenue,BHX Revenue,VND bn,2027-11-01,6326.777409772258,6326.77740977226
Revenue,BHX Revenue,VND bn,2027-12-01,6523.924072015808,6523.92407201581
Revenue,BHX Revenue,VND bn,Method / Note,,Annual segment revenue x monthly phasing.
Revenue,An Khang Revenue,VND bn,2026-01-01,249.25994675313407,249.259946753134
Revenue,An Khang Revenue,VND bn,2026-02-01,205.27289732611044,205.27289732611
Revenue,An Khang Revenue,VND bn,2026-03-01,207.27807001093828,207.278070010938
Revenue,An Khang Revenue,VND bn,2026-04-01,236.60603866074567,236.606038660746
Revenue,An Khang Revenue,VND bn,2026-05-01,236.51110487728673,236.511104877287
Revenue,An Khang Revenue,VND bn,2026-06-01,232.20037192383217,232.200371923832
Revenue,An Khang Revenue,VND bn,2026-07-01,235.40083328381738,235.400833283817
Revenue,An Khang Revenue,VND bn,2026-08-01,242.89749888219254,242.897498882193
Revenue,An Khang Revenue,VND bn,2026-09-01,250.52680771082595,250.526807710826
Revenue,An Khang Revenue,VND bn,2026-10-01,264.1094251240518,264.109425124052
Revenue,An Khang Revenue,VND bn,2026-11-01,246.13365712792026,246.13365712792
Revenue,An Khang Revenue,VND bn,2026-12-01,253.80334831914467,253.803348319145
Revenue,An Khang Revenue,VND bn,2027-01-01,307.23596399793706,307.235963997937
Revenue,An Khang Revenue,VND bn,2027-02-01,253.0178527041835,253.017852704183
Revenue,An Khang Revenue,VND bn,2027-03-01,255.4894137023713,255.489413702371
Revenue,An Khang Revenue,VND bn,2027-04-01,291.6388506159116,291.638850615912
Revenue,An Khang Revenue,VND bn,2027-05-01,291.5218359376334,291.521835937633
Revenue,An Khang Revenue,VND bn,2027-06-01,286.20845843056054,286.208458430561
Revenue,An Khang Revenue,VND bn,2027-07-01,290.15332339575707,290.153323395757
Revenue,An Khang Revenue,VND bn,2027-08-01,299.393657881458,299.393657881458
Revenue,An Khang Revenue,VND bn,2027-09-01,308.7974874302328,308.797487430233
Revenue,An Khang Revenue,VND bn,2027-10-01,325.5393210417942,325.539321041794
Revenue,An Khang Revenue,VND bn,2027-11-01,303.3825225635994,303.382522563599
Revenue,An Khang Revenue,VND bn,2027-12-01,312.8361271133753,312.836127113375
Revenue,An Khang Revenue,VND bn,Method / Note,,Annual segment revenue x monthly phasing.
Revenue,AVAKids Revenue,VND bn,2026-01-01,146.41843026058226,146.418430260582
Revenue,AVAKids Revenue,VND bn,2026-02-01,120.57988374400892,120.579883744009
Revenue,AVAKids Revenue,VND bn,2026-03-01,121.75774741901269,121.757747419013
Revenue,AVAKids Revenue,VND bn,2026-04-01,138.9853653671513,138.985365367151
Revenue,AVAKids Revenue,VND bn,2026-05-01,138.92960006777682,138.929600067777
Revenue,AVAKids Revenue,VND bn,2026-06-01,136.39742126994338,136.397421269943
Revenue,AVAKids Revenue,VND bn,2026-07-01,138.2774125583263,138.277412558326
Revenue,AVAKids Revenue,VND bn,2026-08-01,142.68104829443476,142.681048294435
Revenue,AVAKids Revenue,VND bn,2026-09-01,147.162600333632,147.162600333632
Revenue,AVAKids Revenue,VND bn,2026-10-01,155.1412007721703,155.14120077217
Revenue,AVAKids Revenue,VND bn,2026-11-01,144.58200838283426,144.582008382834
Revenue,AVAKids Revenue,VND bn,2026-12-01,149.08728153012694,149.087281530127
Revenue,AVAKids Revenue,VND bn,2027-01-01,172.74084468945097,172.740844689451
Revenue,AVAKids Revenue,VND bn,2027-02-01,142.257166214842,142.257166214842
Revenue,AVAKids Revenue,VND bn,2027-03-01,143.64678066288013,143.64678066288
Revenue,AVAKids Revenue,VND bn,2027-04-01,163.97149846686386,163.971498466864
Revenue,AVAKids Revenue,VND bn,2027-05-01,163.90570794512993,163.90570794513
Revenue,AVAKids Revenue,VND bn,2027-06-01,160.91830599262983,160.91830599263
Revenue,AVAKids Revenue,VND bn,2027-07-01,163.1362732429692,163.136273242969
Revenue,AVAKids Revenue,VND bn,2027-08-01,168.33157383051292,168.331573830513
Revenue,AVAKids Revenue,VND bn,2027-09-01,173.61879814641978,173.61879814642
Revenue,AVAKids Revenue,VND bn,2027-10-01,183.0317537199762,183.031753719976
Revenue,AVAKids Revenue,VND bn,2027-11-01,170.574279552782,170.574279552782
Revenue,AVAKids Revenue,VND bn,2027-12-01,175.88948944565536,175.889489445655
Revenue,AVAKids Revenue,VND bn,Method / Note,,Annual segment revenue x monthly phasing.
Revenue,Other / Unallocated Revenue,VND bn,2026-01-01,410.4945276948467,410.494527694847
Revenue,Other / Unallocated Revenue,VND bn,2026-02-01,338.0543169251679,338.054316925168
Revenue,Other / Unallocated Revenue,VND bn,2026-03-01,341.3565418711606,341.356541871161
Revenue,Other / Unallocated Revenue,VND bn,2026-04-01,389.6553993329063,389.655399332906
Revenue,Other / Unallocated Revenue,VND bn,2026-05-01,389.49905733287426,389.499057332874
Revenue,Other / Unallocated Revenue,VND bn,2026-06-01,382.3999132032341,382.399913203234
Revenue,Other / Unallocated Revenue,VND bn,2026-07-01,387.6706030653076,387.670603065308
Revenue,Other / Unallocated Revenue,VND bn,2026-08-01,400.0165103968975,400.016510396898
Revenue,Other / Unallocated Revenue,VND bn,2026-09-01,412.5808616496469,412.580861649647
Revenue,Other / Unallocated Revenue,VND bn,2026-10-01,434.9494378791203,434.94943787912
Revenue,Other / Unallocated Revenue,VND bn,2026-11-01,405.34598778758897,405.345987787589
Revenue,Other / Unallocated Revenue,VND bn,2026-12-01,417.9768428612487,417.976842861249
Revenue,Other / Unallocated Revenue,VND bn,2027-01-01,443.33408991043444,443.334089910434
Revenue,Other / Unallocated Revenue,VND bn,2027-02-01,365.0986622791813,365.098662279181
Revenue,Other / Unallocated Revenue,VND bn,2027-03-01,368.6650652208534,368.665065220853
Revenue,Other / Unallocated Revenue,VND bn,2027-04-01,420.8278312795388,420.827831279539
Revenue,Other / Unallocated Revenue,VND bn,2027-05-01,420.65898191950424,420.658981919504
Revenue,Other / Unallocated Revenue,VND bn,2027-06-01,412.99190625949285,412.991906259493
Revenue,Other / Unallocated Revenue,VND bn,2027-07-01,418.68425131053226,418.684251310532
Revenue,Other / Unallocated Revenue,VND bn,2027-08-01,432.0178312286493,432.017831228649
Revenue,Other / Unallocated Revenue,VND bn,2027-09-01,445.5873305816187,445.587330581619
Revenue,Other / Unallocated Revenue,VND bn,2027-10-01,469.74539290944995,469.74539290945
Revenue,Other / Unallocated Revenue,VND bn,2027-11-01,437.77366681059607,437.773666810596
Revenue,Other / Unallocated Revenue,VND bn,2027-12-01,451.41499029014864,451.414990290149
Revenue,Other / Unallocated Revenue,VND bn,Method / Note,,Residual revenue x monthly phasing.
Profit,Gross Profit,VND bn,2026-01-01,3305.308909305108,3305.30890930511
Profit,Gross Profit,VND bn,2026-02-01,2722.0191017806774,2722.01910178068
Profit,Gross Profit,VND bn,2026-03-01,2748.608673134557,2748.60867313456
Profit,Gross Profit,VND bn,2026-04-01,3137.511893779293,3137.51189377929
Profit,Gross Profit,VND bn,2026-05-01,3136.253025339545,3136.25302533954
Profit,Gross Profit,VND bn,2026-06-01,3079.0905962277393,3079.09059622774
Profit,Gross Profit,VND bn,2026-07-01,3121.53028052055,3121.53028052055
Profit,Gross Profit,VND bn,2026-08-01,3220.9397360514517,3220.93973605145
Profit,Gross Profit,VND bn,2026-09-01,3322.10810574583,3322.10810574583
Profit,Gross Profit,VND bn,2026-10-01,3502.220261478904,3502.2202614789
Profit,Gross Profit,VND bn,2026-11-01,3263.852778523208,3263.85277852321
Profit,Gross Profit,VND bn,2026-12-01,3365.556638113133,3365.55663811313
Profit,Gross Profit,VND bn,2027-01-01,3819.6099357243274,3819.60993572433
Profit,Gross Profit,VND bn,2027-02-01,3145.561123537682,3145.56112353768
Profit,Gross Profit,VND bn,2027-03-01,3176.2879916509805,3176.28799165098
Profit,Gross Profit,VND bn,2027-04-01,3625.7039604362158,3625.70396043622
Profit,Gross Profit,VND bn,2027-05-01,3624.24921398674,3624.24921398674
Profit,Gross Profit,VND bn,2027-06-01,3558.192398065262,3558.19239806526
Profit,Gross Profit,VND bn,2027-07-01,3607.2356325228557,3607.23563252286
Profit,Gross Profit,VND bn,2027-08-01,3722.113047756823,3722.11304775682
Profit,Gross Profit,VND bn,2027-09-01,3839.0230615161486,3839.02306151615
Profit,Gross Profit,VND bn,2027-10-01,4047.1603940498903,4047.16039404989
Profit,Gross Profit,VND bn,2027-11-01,3771.7032942042397,3771.70329420424
Profit,Gross Profit,VND bn,2027-12-01,3889.232119270355,3889.23211927035
Profit,Gross Profit,VND bn,FY2026 Check,0.0,0.0
Profit,Gross Profit,VND bn,FY2027 Check,0.0,0.0
Profit,Gross Profit,VND bn,Method / Note,,Revenue x annual gross margin.
Profit,Gross Margin,%,2026-01-01,0.205,0.205
Profit,Gross Margin,%,2026-02-01,0.205,0.205
Profit,Gross Margin,%,2026-03-01,0.205,0.205
Profit,Gross Margin,%,2026-04-01,0.205,0.205
Profit,Gross Margin,%,2026-05-01,0.205,0.205
Profit,Gross Margin,%,2026-06-01,0.205,0.205
Profit,Gross Margin,%,2026-07-01,0.20500000000000002,0.205
Profit,Gross Margin,%,2026-08-01,0.20500000000000002,0.205
Profit,Gross Margin,%,2026-09-01,0.205,0.205
Profit,Gross Margin,%,2026-10-01,0.205,0.205
Profit,Gross Margin,%,2026-11-01,0.205,0.205
Profit,Gross Margin,%,2026-12-01,0.205,0.205
Profit,Gross Margin,%,2027-01-01,0.208,0.208
Profit,Gross Margin,%,2027-02-01,0.208,0.208
Profit,Gross Margin,%,2027-03-01,0.208,0.208
Profit,Gross Margin,%,2027-04-01,0.208,0.208
Profit,Gross Margin,%,2027-05-01,0.208,0.208
Profit,Gross Margin,%,2027-06-01,0.208,0.208
Profit,Gross Margin,%,2027-07-01,0.208,0.208
Profit,Gross Margin,%,2027-08-01,0.208,0.208
Profit,Gross Margin,%,2027-09-01,0.208,0.208
Profit,Gross Margin,%,2027-10-01,0.208,0.208
Profit,Gross Margin,%,2027-11-01,0.208,0.208
Profit,Gross Margin,%,2027-12-01,0.208,0.208
Profit,Gross Margin,%,Method / Note,,Gross profit / revenue.
Opex,Selling Expenses,VND bn,2026-01-01,1967.0618874888935,1967.06188748889
Opex,Selling Expenses,VND bn,2026-02-01,1619.9333191085009,1619.9333191085
Opex,Selling Expenses,VND bn,2026-03-01,1635.7573566947121,1635.75735669471
Opex,Selling Expenses,VND bn,2026-04-01,1867.20220020036,1867.20220020036
Opex,Selling Expenses,VND bn,2026-05-01,1866.4530199581682,1866.45301995817
Opex,Selling Expenses,VND bn,2026-06-01,1832.4344036087034,1832.4344036087
Opex,Selling Expenses,VND bn,2026-07-01,1857.691191334181,1857.69119133418
Opex,Selling Expenses,VND bn,2026-08-01,1916.8519404794006,1916.8519404794
Opex,Selling Expenses,VND bn,2026-09-01,1977.0594580536158,1977.05945805362
Opex,Selling Expenses,VND bn,2026-10-01,2084.2481556118355,2084.24815561184
Opex,Selling Expenses,VND bn,2026-11-01,1942.390434047958,1942.39043404796
Opex,Selling Expenses,VND bn,2026-12-01,2002.9166334136694,2002.91663341367
Opex,Selling Expenses,VND bn,2027-01-01,2203.621116764035,2203.62111676403
Opex,Selling Expenses,VND bn,2027-02-01,1814.7468020409704,1814.74680204097
Opex,Selling Expenses,VND bn,2027-03-01,1832.4738413371042,1832.4738413371
Opex,Selling Expenses,VND bn,2027-04-01,2091.752284867048,2091.75228486705
Opex,Selling Expenses,VND bn,2027-05-01,2090.913008069273,2090.91300806927
Opex,Selling Expenses,VND bn,2027-06-01,2052.8033065761124,2052.80330657611
Opex,Selling Expenses,VND bn,2027-07-01,2081.0974803016475,2081.09748030165
Opex,Selling Expenses,VND bn,2027-08-01,2147.3729121673978,2147.3729121674
Opex,Selling Expenses,VND bn,2027-09-01,2214.820997028547,2214.82099702855
Opex,Selling Expenses,VND bn,2027-10-01,2334.9002273364754,2334.90022733648
Opex,Selling Expenses,VND bn,2027-11-01,2175.982669733215,2175.98266973322
Opex,Selling Expenses,VND bn,2027-12-01,2243.787761117512,2243.78776111751
Opex,Selling Expenses,VND bn,FY2026 Check,0.0,0.0
Opex,Selling Expenses,VND bn,FY2027 Check,0.0,0.0
Opex,Selling Expenses,VND bn,Method / Note,,Revenue x selling expense ratio.
Opex,G&A Expenses,VND bn,2026-01-01,451.45682663679526,451.456826636795
Opex,G&A Expenses,VND bn,2026-02-01,371.78797487736085,371.787974877361
Opex,G&A Expenses,VND bn,2026-03-01,375.4197212086225,375.419721208622
Opex,G&A Expenses,VND bn,2026-04-01,428.53820988204984,428.53820988205
Opex,G&A Expenses,VND bn,2026-05-01,428.3662668756452,428.366266875645
Opex,G&A Expenses,VND bn,2026-06-01,420.5587155823254,420.558715582325
Opex,G&A Expenses,VND bn,2026-07-01,426.3553553881727,426.355355388173
Opex,G&A Expenses,VND bn,2026-08-01,439.9332322411739,439.933232241174
Opex,G&A Expenses,VND bn,2026-09-01,453.75135102869876,453.751351028699
Opex,G&A Expenses,VND bn,2026-10-01,478.3520357141918,478.352035714192
Opex,G&A Expenses,VND bn,2026-11-01,445.79452584707235,445.794525847072
Opex,G&A Expenses,VND bn,2026-12-01,459.68578471789135,459.685784717891
Opex,G&A Expenses,VND bn,2027-01-01,495.8147512719079,495.814751271908
Opex,G&A Expenses,VND bn,2027-02-01,408.31803045921833,408.318030459218
Opex,G&A Expenses,VND bn,2027-03-01,412.3066143008485,412.306614300848
Opex,G&A Expenses,VND bn,2027-04-01,470.6442640950857,470.644264095086
Opex,G&A Expenses,VND bn,2027-05-01,470.45542681558646,470.455426815586
Opex,G&A Expenses,VND bn,2027-06-01,461.8807439796253,461.880743979625
Opex,G&A Expenses,VND bn,2027-07-01,468.2469330678707,468.246933067871
Opex,G&A Expenses,VND bn,2027-08-01,483.15890523766456,483.158905237665
Opex,G&A Expenses,VND bn,2027-09-01,498.33472433142316,498.334724331423
Opex,G&A Expenses,VND bn,2027-10-01,525.352551150707,525.352551150707
Opex,G&A Expenses,VND bn,2027-11-01,489.5961006899734,489.596100689973
Opex,G&A Expenses,VND bn,2027-12-01,504.8522462514403,504.85224625144
Opex,G&A Expenses,VND bn,FY2026 Check,0.0,0.0
Opex,G&A Expenses,VND bn,FY2027 Check,0.0,0.0
Opex,G&A Expenses,VND bn,Method / Note,,Revenue x G&A expense ratio.
Profit,EBITDA,VND bn,2026-01-01,1072.2099632623888,1072.20996326239
Profit,EBITDA,VND bn,2026-02-01,882.996440333732,882.996440333732
Profit,EBITDA,VND bn,2026-03-01,891.6218378704784,891.621837870478
Profit,EBITDA,VND bn,2026-04-01,1017.7782484698683,1017.77824846987
Profit,EBITDA,VND bn,2026-05-01,1017.3698838296573,1017.36988382966
Profit,EBITDA,VND bn,2026-06-01,998.8269495080228,998.826949508023
Profit,EBITDA,VND bn,2026-07-01,1012.5939690469102,1012.59396904691
Profit,EBITDA,VND bn,2026-08-01,1044.841426572788,1044.84142657279
Profit,EBITDA,VND bn,2026-09-01,1077.6594586931594,1077.65945869316
Profit,EBITDA,VND bn,2026-10-01,1136.0860848212055,1136.08608482121
Profit,EBITDA,VND bn,2026-11-01,1058.7619988867968,1058.7619988868
Profit,EBITDA,VND bn,2026-12-01,1091.753738704992,1091.75373870499
Profit,EBITDA,VND bn,2027-01-01,1322.172670058421,1322.17267005842
Profit,EBITDA,VND bn,2027-02-01,1088.848081224582,1088.84808122458
Profit,EBITDA,VND bn,2027-03-01,1099.4843048022626,1099.48430480226
Profit,EBITDA,VND bn,2027-04-01,1255.0513709202285,1255.05137092023
Profit,EBITDA,VND bn,2027-05-01,1254.547804841564,1254.54780484156
Profit,EBITDA,VND bn,2027-06-01,1231.6819839456675,1231.68198394567
Profit,EBITDA,VND bn,2027-07-01,1248.6584881809883,1248.65848818099
Profit,EBITDA,VND bn,2027-08-01,1288.4237473004387,1288.42374730044
Profit,EBITDA,VND bn,2027-09-01,1328.8925982171281,1328.89259821713
Profit,EBITDA,VND bn,2027-10-01,1400.940136401885,1400.94013640188
Profit,EBITDA,VND bn,2027-11-01,1305.589601839929,1305.58960183993
Profit,EBITDA,VND bn,2027-12-01,1346.272656670507,1346.27265667051
Profit,EBITDA,VND bn,FY2026 Check,0.0,0.0
Profit,EBITDA,VND bn,FY2027 Check,0.0,0.0
Profit,EBITDA,VND bn,Method / Note,,Annual EBITDA x monthly phasing.
Profit,EBIT,VND bn,2026-01-01,886.7901951794192,886.790195179419
Profit,EBIT,VND bn,2026-02-01,730.2978077948156,730.297807794816
Profit,EBIT,VND bn,2026-03-01,737.4315952312226,737.431595231223
Profit,EBIT,VND bn,2026-04-01,841.7714836968833,841.771483696883
Profit,EBIT,VND bn,2026-05-01,841.4337385057315,841.433738505732
Profit,EBIT,VND bn,2026-06-01,826.0974770367104,826.09747703671
Profit,EBIT,VND bn,2026-07-01,837.4837337981965,837.483733798196
Profit,EBIT,VND bn,2026-08-01,864.1545633308772,864.154563330877
Profit,EBIT,VND bn,2026-09-01,891.2972966635155,891.297296663515
Profit,EBIT,VND bn,2026-10-01,939.6200701528767,939.620070152877
Profit,EBIT,VND bn,2026-11-01,875.6678186281778,875.667818628178
Profit,EBIT,VND bn,2026-12-01,902.9542199815722,902.954219981572
Profit,EBIT,VND bn,2027-01-01,1120.1740676883846,1120.17406768838
Profit,EBIT,VND bn,2027-02-01,922.4962910374932,922.496291037493
Profit,EBIT,VND bn,2027-03-01,931.5075360130279,931.507536013028
Profit,EBIT,VND bn,2027-04-01,1063.3074114740823,1063.30741147408
Profit,EBIT,VND bn,2027-05-01,1062.8807791018805,1062.88077910188
Profit,EBIT,VND bn,2027-06-01,1043.5083475095241,1043.50834750952
Profit,EBIT,VND bn,2027-07-01,1057.8912191533375,1057.89121915334
Profit,EBIT,VND bn,2027-08-01,1091.5812303517607,1091.58123035176
Profit,EBIT,VND bn,2027-09-01,1125.8673401561784,1125.86734015618
Profit,EBIT,VND bn,2027-10-01,1186.907615562708,1186.90761556271
Profit,EBIT,VND bn,2027-11-01,1106.1245237810513,1106.12452378105
Profit,EBIT,VND bn,2027-12-01,1140.5921119014024,1140.5921119014
Profit,EBIT,VND bn,FY2026 Check,0.0,0.0
Profit,EBIT,VND bn,FY2027 Check,0.0,0.0
Profit,EBIT,VND bn,Method / Note,,Gross profit - selling expense - G&A.
Profit,NPAT,VND bn,2026-01-01,810.732478025342,810.732478025342
Profit,NPAT,VND bn,2026-02-01,667.6620407267523,667.662040726752
Profit,NPAT,VND bn,2026-03-01,674.1839815392055,674.183981539206
Profit,NPAT,VND bn,2026-04-01,769.5749057876836,769.574905787684
Profit,NPAT,VND bn,2026-05-01,769.266128134015,769.266128134015
Profit,NPAT,VND bn,2026-06-01,755.2452184171362,755.245218417136
Profit,NPAT,VND bn,2026-07-01,765.6549051839194,765.654905183919
Profit,NPAT,VND bn,2026-08-01,790.0382461765956,790.038246176596
Profit,NPAT,VND bn,2026-09-01,814.8530169924801,814.85301699248
Profit,NPAT,VND bn,2026-10-01,859.0312703257398,859.03127032574
Profit,NPAT,VND bn,2026-11-01,800.5640391409962,800.564039140996
Profit,NPAT,VND bn,2026-12-01,825.510155940535,825.510155940535
Profit,NPAT,VND bn,2027-01-01,998.719288041002,998.719288041002
Profit,NPAT,VND bn,2027-02-01,822.4747077984723,822.474707798472
Profit,NPAT,VND bn,2027-03-01,830.5089092908361,830.508909290836
Profit,NPAT,VND bn,2027-04-01,948.0183942729279,948.018394272928
Profit,NPAT,VND bn,2027-05-01,947.6380194800173,947.638019480017
Profit,NPAT,VND bn,2027-06-01,930.3660421636101,930.36604216361
Profit,NPAT,VND bn,2027-07-01,943.1894521517893,943.189452151789
Profit,NPAT,VND bn,2027-08-01,973.2266267023634,973.226626702363
Profit,NPAT,VND bn,2027-09-01,1003.7952679174081,1003.79526791741
Profit,NPAT,VND bn,2027-10-01,1058.2172565656895,1058.21725656569
Profit,NPAT,VND bn,2027-11-01,986.1930647573397,986.19306475734
Profit,NPAT,VND bn,2027-12-01,1016.9235075170836,1016.92350751708
Profit,NPAT,VND bn,FY2026 Check,0.0,0.0
Profit,NPAT,VND bn,FY2027 Check,0.0,0.0
Profit,NPAT,VND bn,Method / Note,,Annual NPAT x monthly phasing.
Store KPI,Total Ending Stores,stores,2026-01-01,6327.25,6327.25
Store KPI,Total Ending Stores,stores,2026-02-01,6429.5,6429.5
Store KPI,Total Ending Stores,stores,2026-03-01,6531.75,6531.75
Store KPI,Total Ending Stores,stores,2026-04-01,6634.0,6634.0
Store KPI,Total Ending Stores,stores,2026-05-01,6736.25,6736.25
Store KPI,Total Ending Stores,stores,2026-06-01,6838.5,6838.5
Store KPI,Total Ending Stores,stores,2026-07-01,6940.75,6940.75
Store KPI,Total Ending Stores,stores,2026-08-01,7043.0,7043.0
Store KPI,Total Ending Stores,stores,2026-09-01,7145.25,7145.25
Store KPI,Total Ending Stores,stores,2026-10-01,7247.5,7247.5
Store KPI,Total Ending Stores,stores,2026-11-01,7349.75,7349.75
Store KPI,Total Ending Stores,stores,2026-12-01,7452.0,7452.0
Store KPI,Total Ending Stores,stores,2027-01-01,7517.833333333333,7517.83333333333
Store KPI,Total Ending Stores,stores,2027-02-01,7583.666666666667,7583.66666666667
Store KPI,Total Ending Stores,stores,2027-03-01,7649.5,7649.5
Store KPI,Total Ending Stores,stores,2027-04-01,7715.333333333333,7715.33333333333
Store KPI,Total Ending Stores,stores,2027-05-01,7781.166666666667,7781.16666666667
Store KPI,Total Ending Stores,stores,2027-06-01,7847.0,7847.0
Store KPI,Total Ending Stores,stores,2027-07-01,7912.833333333333,7912.83333333333
Store KPI,Total Ending Stores,stores,2027-08-01,7978.666666666667,7978.66666666667
Store KPI,Total Ending Stores,stores,2027-09-01,8044.5,8044.5
Store KPI,Total Ending Stores,stores,2027-10-01,8110.333333333333,8110.33333333333
Store KPI,Total Ending Stores,stores,2027-11-01,8176.166666666667,8176.16666666667
Store KPI,Total Ending Stores,stores,2027-12-01,8242.0,8242.0
Store KPI,Total Ending Stores,stores,Method / Note,,Linear interpolation between annual ending store counts.
Store KPI,BHX Ending Stores,stores,2026-01-01,2642.3333333333335,2642.33333333333
Store KPI,BHX Ending Stores,stores,2026-02-01,2725.6666666666665,2725.66666666667
Store KPI,BHX Ending Stores,stores,2026-03-01,2809.0,2809.0
Store KPI,BHX Ending Stores,stores,2026-04-01,2892.3333333333335,2892.33333333333
Store KPI,BHX Ending Stores,stores,2026-05-01,2975.6666666666665,2975.66666666667
Store KPI,BHX Ending Stores,stores,2026-06-01,3059.0,3059.0
Store KPI,BHX Ending Stores,stores,2026-07-01,3142.3333333333335,3142.33333333333
Store KPI,BHX Ending Stores,stores,2026-08-01,3225.6666666666665,3225.66666666667
Store KPI,BHX Ending Stores,stores,2026-09-01,3309.0,3309.0
Store KPI,BHX Ending Stores,stores,2026-10-01,3392.3333333333335,3392.33333333333
Store KPI,BHX Ending Stores,stores,2026-11-01,3475.6666666666665,3475.66666666667
Store KPI,BHX Ending Stores,stores,2026-12-01,3559.0,3559.0
Store KPI,BHX Ending Stores,stores,2027-01-01,3609.0,3609.0
Store KPI,BHX Ending Stores,stores,2027-02-01,3659.0,3659.0
Store KPI,BHX Ending Stores,stores,2027-03-01,3709.0,3709.0
Store KPI,BHX Ending Stores,stores,2027-04-01,3759.0,3759.0
Store KPI,BHX Ending Stores,stores,2027-05-01,3809.0,3809.0
Store KPI,BHX Ending Stores,stores,2027-06-01,3859.0,3859.0
Store KPI,BHX Ending Stores,stores,2027-07-01,3909.0,3909.0
Store KPI,BHX Ending Stores,stores,2027-08-01,3959.0,3959.0
Store KPI,BHX Ending Stores,stores,2027-09-01,4009.0,4009.0
Store KPI,BHX Ending Stores,stores,2027-10-01,4059.0,4059.0
Store KPI,BHX Ending Stores,stores,2027-11-01,4109.0,4109.0
Store KPI,BHX Ending Stores,stores,2027-12-01,4159.0,4159.0
Store KPI,BHX Ending Stores,stores,Method / Note,,Linear interpolation between annual ending BHX stores.
Store KPI,BHX Average Stores,stores,2026-01-01,2600.666666666667,2600.66666666667
Store KPI,BHX Average Stores,stores,2026-02-01,2684.0,2684.0
Store KPI,BHX Average Stores,stores,2026-03-01,2767.333333333333,2767.33333333333
Store KPI,BHX Average Stores,stores,2026-04-01,2850.666666666667,2850.66666666667
Store KPI,BHX Average Stores,stores,2026-05-01,2934.0,2934.0
Store KPI,BHX Average Stores,stores,2026-06-01,3017.333333333333,3017.33333333333
Store KPI,BHX Average Stores,stores,2026-07-01,3100.666666666667,3100.66666666667
Store KPI,BHX Average Stores,stores,2026-08-01,3184.0,3184.0
Store KPI,BHX Average Stores,stores,2026-09-01,3267.333333333333,3267.33333333333
Store KPI,BHX Average Stores,stores,2026-10-01,3350.666666666667,3350.66666666667
Store KPI,BHX Average Stores,stores,2026-11-01,3434.0,3434.0
Store KPI,BHX Average Stores,stores,2026-12-01,3517.333333333333,3517.33333333333
Store KPI,BHX Average Stores,stores,2027-01-01,3584.0,3584.0
Store KPI,BHX Average Stores,stores,2027-02-01,3634.0,3634.0
Store KPI,BHX Average Stores,stores,2027-03-01,3684.0,3684.0
Store KPI,BHX Average Stores,stores,2027-04-01,3734.0,3734.0
Store KPI,BHX Average Stores,stores,2027-05-01,3784.0,3784.0
Store KPI,BHX Average Stores,stores,2027-06-01,3834.0,3834.0
Store KPI,BHX Average Stores,stores,2027-07-01,3884.0,3884.0
Store KPI,BHX Average Stores,stores,2027-08-01,3934.0,3934.0
Store KPI,BHX Average Stores,stores,2027-09-01,3984.0,3984.0
Store KPI,BHX Average Stores,stores,2027-10-01,4034.0,4034.0
Store KPI,BHX Average Stores,stores,2027-11-01,4084.0,4084.0
Store KPI,BHX Average Stores,stores,2027-12-01,4134.0,4134.0
Store KPI,BHX Average Stores,stores,Method / Note,,Average of beginning and ending monthly BHX stores.
Store KPI,BHX Revenue / Avg Store / Month,VND bn/store/month,2026-01-01,1.8599221077613601,1.85992210776136
Store KPI,BHX Revenue / Avg Store / Month,VND bn/store/month,2026-02-01,1.484144034266663,1.48414403426666
Store KPI,BHX Revenue / Avg Store / Month,VND bn/store/month,2026-03-01,1.4535127038569031,1.4535127038569
Store KPI,BHX Revenue / Avg Store / Month,VND bn/store/month,2026-04-01,1.610669137101784,1.61066913710178
Store KPI,BHX Revenue / Avg Store / Month,VND bn/store/month,2026-05-01,1.5642939923884207,1.56429399238842
Store KPI,BHX Revenue / Avg Store / Month,VND bn/store/month,2026-06-01,1.4933670697245003,1.4933670697245
Store KPI,BHX Revenue / Avg Store / Month,VND bn/store/month,2026-07-01,1.4732615867914558,1.47326158679146
Store KPI,BHX Revenue / Avg Store / Month,VND bn/store/month,2026-08-01,1.4803926964325216,1.48039269643252
Store KPI,BHX Revenue / Avg Store / Month,VND bn/store/month,2026-09-01,1.4879478529375525,1.48794785293755
Store KPI,BHX Revenue / Avg Store / Month,VND bn/store/month,2026-10-01,1.5296061627493198,1.52960616274932
Store KPI,BHX Revenue / Avg Store / Month,VND bn/store/month,2026-11-01,1.3909056260308854,1.39090562603089
Store KPI,BHX Revenue / Avg Store / Month,VND bn/store/month,2026-12-01,1.4002667275198415,1.40026672751984
Store KPI,BHX Revenue / Avg Store / Month,VND bn/store/month,2027-01-01,1.7877057934471732,1.78770579344717
Store KPI,BHX Revenue / Avg Store / Month,VND bn/store/month,2027-02-01,1.4519719947555014,1.4519719947555
Store KPI,BHX Revenue / Avg Store / Month,VND bn/store/month,2027-03-01,1.4462563718477643,1.44625637184776
Store KPI,BHX Revenue / Avg Store / Month,VND bn/store/month,2027-04-01,1.628782376279084,1.62878237627908
Store KPI,BHX Revenue / Avg Store / Month,VND bn/store/month,2027-05-01,1.6066155269976352,1.60661552699764
Store KPI,BHX Revenue / Avg Store / Month,VND bn/store/month,2027-06-01,1.5567624697768934,1.55676246977689
Store KPI,BHX Revenue / Avg Store / Month,VND bn/store/month,2027-07-01,1.5579026830371794,1.55790268303718
Store KPI,BHX Revenue / Avg Store / Month,VND bn/store/month,2027-08-01,1.5870851861542736,1.58708518615427
Store KPI,BHX Revenue / Avg Store / Month,VND bn/store/month,2027-09-01,1.6163910066321323,1.61639100663213
Store KPI,BHX Revenue / Avg Store / Month,VND bn/store/month,2027-10-01,1.6829048292591584,1.68290482925916
Store KPI,BHX Revenue / Avg Store / Month,VND bn/store/month,2027-11-01,1.549161951462355,1.54916195146235
Store KPI,BHX Revenue / Avg Store / Month,VND bn/store/month,2027-12-01,1.5781141925534126,1.57811419255341
Store KPI,BHX Revenue / Avg Store / Month,VND bn/store/month,Method / Note,,Monthly BHX revenue / average BHX stores.
Working Capital,Inventory,VND bn,2026-01-01,27454.071296579936,27454.0712965799
Working Capital,Inventory,VND bn,2026-02-01,27608.251915175173,27608.2519151752
Working Capital,Inventory,VND bn,2026-03-01,27763.938620394434,27763.9386203944
Working Capital,Inventory,VND bn,2026-04-01,27941.65358364225,27941.6535836423
Working Capital,Inventory,VND bn,2026-05-01,28119.297242058066,28119.2972420581
Working Capital,Inventory,VND bn,2026-06-01,28293.70310589885,28293.7031058989
Working Capital,Inventory,VND bn,2026-07-01,28470.5128385343,28470.5128385343
Working Capital,Inventory,VND bn,2026-08-01,28652.953322011264,28652.9533220113
Working Capital,Inventory,VND bn,2026-09-01,28841.124184753953,28841.124184754
Working Capital,Inventory,VND bn,2026-10-01,29039.49696105753,29039.4969610575
Working Capital,Inventory,VND bn,2026-11-01,29224.368125285328,29224.3681252853
Working Capital,Inventory,VND bn,2026-12-01,29415.0,29415.0
Working Capital,Inventory,VND bn,2027-01-01,29720.3037375097,29720.3037375097
Working Capital,Inventory,VND bn,2027-02-01,29971.73034487063,29971.7303448706
Working Capital,Inventory,VND bn,2027-03-01,30225.612969425674,30225.6129694257
Working Capital,Inventory,VND bn,2027-04-01,30515.417684789885,30515.4176847899
Working Capital,Inventory,VND bn,2027-05-01,30805.10612138856,30805.1061213886
Working Capital,Inventory,VND bn,2027-06-01,31089.51459664872,31089.5145966487
Working Capital,Inventory,VND bn,2027-07-01,31377.8431273678,31377.8431273678
Working Capital,Inventory,VND bn,2027-08-01,31675.353879522205,31675.3538795222
Working Capital,Inventory,VND bn,2027-09-01,31982.20931994417,31982.2093199442
Working Capital,Inventory,VND bn,2027-10-01,32305.701303522947,32305.7013035229
Working Capital,Inventory,VND bn,2027-11-01,32607.175834136196,32607.1758341362
Working Capital,Inventory,VND bn,2027-12-01,32918.04451497987,32918.0445149799
Working Capital,Inventory,VND bn,Method / Note,,Interpolate prior-year ending inventory to current-year ending inventory by cumulative revenue phasing.
Working Capital,Trade Payables,VND bn,2026-01-01,13129.874280840986,13129.874280841
Working Capital,Trade Payables,VND bn,2026-02-01,13143.029841062975,13143.029841063
Working Capital,Trade Payables,VND bn,2026-03-01,13156.31390909264,13156.3139090926
Working Capital,Trade Payables,VND bn,2026-04-01,13171.477552374503,13171.4775523745
Working Capital,Trade Payables,VND bn,2026-05-01,13186.635111525819,13186.6351115258
Working Capital,Trade Payables,VND bn,2026-06-01,13201.51640377727,13201.5164037773
Working Capital,Trade Payables,VND bn,2026-07-01,13216.60280767623,13216.6028076762
Working Capital,Trade Payables,VND bn,2026-08-01,13232.169659004094,13232.1696590041
Working Capital,Trade Payables,VND bn,2026-09-01,13248.225458620087,13248.2254586201
Working Capital,Trade Payables,VND bn,2026-10-01,13265.151743057406,13265.1517430574
Working Capital,Trade Payables,VND bn,2026-11-01,13280.925993780142,13280.9259937801
Working Capital,Trade Payables,VND bn,2026-12-01,13297.191780821919,13297.1917808219
Working Capital,Trade Payables,VND bn,2027-01-01,13493.064809592512,13493.0648095925
Working Capital,Trade Payables,VND bn,2027-02-01,13654.37200975653,13654.3720097565
Working Capital,Trade Payables,VND bn,2027-03-01,13817.254911320237,13817.2549113202
Working Capital,Trade Payables,VND bn,2027-04-01,14003.18426748668,14003.1842674867
Working Capital,Trade Payables,VND bn,2027-05-01,14189.039022948353,14189.0390229484
Working Capital,Trade Payables,VND bn,2027-06-01,14371.506325548815,14371.5063255488
Working Capital,Trade Payables,VND bn,2027-07-01,14556.488609269225,14556.4886092692
Working Capital,Trade Payables,VND bn,2027-08-01,14747.361910040556,14747.3619100406
Working Capital,Trade Payables,VND bn,2027-09-01,14944.230461341129,14944.2304613411
Working Capital,Trade Payables,VND bn,2027-10-01,15151.77248202985,15151.7724820298
Working Capital,Trade Payables,VND bn,2027-11-01,15345.188815187363,15345.1888151874
Working Capital,Trade Payables,VND bn,2027-12-01,15544.632132073828,15544.6321320738
Working Capital,Trade Payables,VND bn,Method / Note,,Interpolate prior-year payables to current-year ending payables by cumulative revenue phasing.
Cash Flow,Capex Outflow,VND bn,2026-01-01,193.48149713005512,193.481497130055
Cash Flow,Capex Outflow,VND bn,2026-02-01,159.33770351886895,159.337703518869
Cash Flow,Capex Outflow,VND bn,2026-03-01,160.89416623226677,160.894166232267
Cash Flow,Capex Outflow,VND bn,2026-04-01,183.65923280659277,183.659232806593
Cash Flow,Capex Outflow,VND bn,2026-05-01,183.5855429467051,183.585542946705
Cash Flow,Capex Outflow,VND bn,2026-06-01,180.23944953528232,180.239449535282
Cash Flow,Capex Outflow,VND bn,2026-07-01,182.7237237377883,182.723723737788
Cash Flow,Capex Outflow,VND bn,2026-08-01,188.54281381764594,188.542813817646
Cash Flow,Capex Outflow,VND bn,2026-09-01,194.46486472658518,194.464864726585
Cash Flow,Capex Outflow,VND bn,2026-10-01,205.00801530608217,205.008015306082
Cash Flow,Capex Outflow,VND bn,2026-11-01,191.05479679160243,191.054796791602
Cash Flow,Capex Outflow,VND bn,2026-12-01,197.00819345052489,197.008193450525
Cash Flow,Capex Outflow,VND bn,2027-01-01,220.36211167640354,220.362111676404
Cash Flow,Capex Outflow,VND bn,2027-02-01,181.47468020409704,181.474680204097
Cash Flow,Capex Outflow,VND bn,2027-03-01,183.24738413371045,183.24738413371
Cash Flow,Capex Outflow,VND bn,2027-04-01,209.17522848670478,209.175228486705
Cash Flow,Capex Outflow,VND bn,2027-05-01,209.09130080692734,209.091300806927
Cash Flow,Capex Outflow,VND bn,2027-06-01,205.28033065761127,205.280330657611
Cash Flow,Capex Outflow,VND bn,2027-07-01,208.10974803016475,208.109748030165
Cash Flow,Capex Outflow,VND bn,2027-08-01,214.7372912167398,214.73729121674
Cash Flow,Capex Outflow,VND bn,2027-09-01,221.48209970285473,221.482099702855
Cash Flow,Capex Outflow,VND bn,2027-10-01,233.49002273364752,233.490022733648
Cash Flow,Capex Outflow,VND bn,2027-11-01,217.59826697332153,217.598266973322
Cash Flow,Capex Outflow,VND bn,2027-12-01,224.37877611175122,224.378776111751
Cash Flow,Capex Outflow,VND bn,FY2026 Check,0.0,0.0
Cash Flow,Capex Outflow,VND bn,FY2027 Check,0.0,0.0
Cash Flow,Capex Outflow,VND bn,Method / Note,,Positive cash outflow; linked to annual capex.
Cash Flow,CFO Simplified,VND bn,2026-01-01,917.2512227634718,917.251222763472
Cash Flow,CFO Simplified,VND bn,2026-02-01,755.3833599228592,755.383359922859
Cash Flow,CFO Simplified,VND bn,2026-03-01,762.7621912231476,762.762191223148
Cash Flow,CFO Simplified,VND bn,2026-04-01,870.6861294876749,870.686129487675
Cash Flow,CFO Simplified,VND bn,2026-05-01,870.3367828313286,870.336782831329
Cash Flow,CFO Simplified,VND bn,2026-06-01,854.4737245098124,854.473724509812
Cash Flow,CFO Simplified,VND bn,2026-07-01,866.2510964225213,866.251096422521
Cash Flow,CFO Simplified,VND bn,2026-08-01,893.838062464718,893.838062464718
Cash Flow,CFO Simplified,VND bn,2026-09-01,921.9131420876585,921.913142087658
Cash Flow,CFO Simplified,VND bn,2026-10-01,971.8957910968428,971.895791096843
Cash Flow,CFO Simplified,VND bn,2026-11-01,905.7467952820675,905.746795282068
Cash Flow,CFO Simplified,VND bn,2026-12-01,933.970477887345,933.970477887345
Cash Flow,CFO Simplified,VND bn,2027-01-01,1031.1298871153408,1031.12988711534
Cash Flow,CFO Simplified,VND bn,2027-02-01,849.1657893891044,849.165789389104
Cash Flow,CFO Simplified,VND bn,2027-03-01,857.4607180813624,857.460718081362
Cash Flow,CFO Simplified,VND bn,2027-04-01,978.7836397826521,978.783639782652
Cash Flow,CFO Simplified,VND bn,2027-05-01,978.3909210057426,978.390921005743
Cash Flow,CFO Simplified,VND bn,2027-06-01,960.5584307016256,960.558430701626
Cash Flow,CFO Simplified,VND bn,2027-07-01,973.7979880546044,973.797988054604
Cash Flow,CFO Simplified,VND bn,2027-08-01,1004.8099338280255,1004.80993382803
Cash Flow,CFO Simplified,VND bn,2027-09-01,1036.3705935076493,1036.37059350765
Cash Flow,CFO Simplified,VND bn,2027-10-01,1092.5586932904894,1092.55869329049
Cash Flow,CFO Simplified,VND bn,2027-11-01,1018.1971608176448,1018.19716081764
Cash Flow,CFO Simplified,VND bn,2027-12-01,1049.9248728517375,1049.92487285174
Cash Flow,CFO Simplified,VND bn,FY2026 Check,0.0,0.0
Cash Flow,CFO Simplified,VND bn,FY2027 Check,0.0,0.0
Cash Flow,CFO Simplified,VND bn,Method / Note,,Annual CFO x monthly phasing.
Cash Flow,FCFF Proxy,VND bn,2026-01-01,622.4694037516102,622.46940375161
Cash Flow,FCFF Proxy,VND bn,2026-02-01,512.6218619130908,512.621861913091
Cash Flow,FCFF Proxy,VND bn,2026-03-01,517.6293196366535,517.629319636653
Cash Flow,FCFF Proxy,VND bn,2026-04-01,590.8691778509054,590.869177850905
Cash Flow,FCFF Proxy,VND bn,2026-05-01,590.6321025551938,590.632102555194
Cash Flow,FCFF Proxy,VND bn,2026-06-01,579.8670381867623,579.867038186762
Cash Flow,FCFF Proxy,VND bn,2026-07-01,587.8594545393707,587.859454539371
Cash Flow,FCFF Proxy,VND bn,2026-08-01,606.5806531351782,606.580653135178
Cash Flow,FCFF Proxy,VND bn,2026-09-01,625.6330976994054,625.633097699405
Cash Flow,FCFF Proxy,VND bn,2026-10-01,659.5525615873221,659.552561587322
Cash Flow,FCFF Proxy,VND bn,2026-11-01,614.6622142520112,614.662214252011
Cash Flow,FCFF Proxy,VND bn,2026-12-01,633.815504481543,633.815504481543
Cash Flow,FCFF Proxy,VND bn,2027-01-01,708.187741548643,708.187741548643
Cash Flow,FCFF Proxy,VND bn,2027-02-01,583.2134342165295,583.21343421653
Cash Flow,FCFF Proxy,VND bn,2027-03-01,588.9104534672383,588.910453467238
Cash Flow,FCFF Proxy,VND bn,2027-04-01,672.2359462022854,672.235946202285
Cash Flow,FCFF Proxy,VND bn,2027-05-01,671.9662240003023,671.966224000302
Cash Flow,FCFF Proxy,VND bn,2027-06-01,659.7187358880234,659.718735888023
Cash Flow,FCFF Proxy,VND bn,2027-07-01,668.8117631953203,668.81176319532
Cash Flow,FCFF Proxy,VND bn,2027-08-01,690.1110001903307,690.111000190331
Cash Flow,FCFF Proxy,VND bn,2027-09-01,711.7870980123291,711.787098012329
Cash Flow,FCFF Proxy,VND bn,2027-10-01,750.3775064413189,750.377506441319
Cash Flow,FCFF Proxy,VND bn,2027-11-01,699.3054481118243,699.305448111824
Cash Flow,FCFF Proxy,VND bn,2027-12-01,721.0962787440243,721.096278744024
Cash Flow,FCFF Proxy,VND bn,FY2026 Check,0.0,0.0
Cash Flow,FCFF Proxy,VND bn,FY2027 Check,0.0,0.0
Cash Flow,FCFF Proxy,VND bn,Method / Note,,Annual FCFF x monthly phasing.
